{
  "IcoMoonType": "selection",
  "icons": [
    {
      "icon": {
        "paths": [
          "M853.333 233.7l-63.033-63.033-249.856 249.856-249.856-249.856-63.033 63.033 249.856 249.856-249.856 249.856 63.033 63.033 249.856-249.856 249.856 249.856 63.033-63.033-249.856-249.856 249.856-249.856z"
        ],
        "attrs": [
          {}
        ],
        "isMulticolor": false,
        "isMulticolor2": false,
        "grid": 0,
        "tags": [
          "close-black-icon"
        ]
      },
      "attrs": [
        {}
      ],
      "properties": {
        "order": 4,
        "id": 0,
        "name": "close-black-icon",
        "prevSize": 32
      },
      "setIdx": 0,
      "setId": 2,
      "iconIdx": 0
    },
    {
      "icon": {
        "paths": [
          "M512 1024c282.77 0 512-229.23 512-512s-229.23-512-512-512-512 229.23-512 512 229.23 512 512 512zM512 96c229.75 0 416 186.25 416 416s-186.25 416-416 416-416-186.25-416-416 186.25-416 416-416zM512 598.76c115.95 0 226.23-30.806 320-84.92-14.574 178.438-153.128 318.16-320 318.16-166.868 0-305.422-139.872-320-318.304 93.77 54.112 204.050 85.064 320 85.064zM256 352c0-53.019 28.654-96 64-96s64 42.981 64 96c0 53.019-28.654 96-64 96s-64-42.981-64-96zM640 352c0-53.019 28.654-96 64-96s64 42.981 64 96c0 53.019-28.654 96-64 96s-64-42.981-64-96z"
        ],
        "tags": [
          "happy",
          "emoticon",
          "smiley",
          "face"
        ],
        "defaultCode": 59871,
        "grid": 16,
        "attrs": []
      },
      "attrs": [],
      "properties": {
        "ligatures": "happy, emoticon",
        "name": "happy",
        "order": 3,
        "id": 224,
        "prevSize": 32
      },
      "setIdx": 1,
      "setId": 1,
      "iconIdx": 223
    }
  ],
  "height": 1024,
  "preferences": {
    "showGlyphs": true,
    "showQuickUse": true,
    "showQuickUse2": true,
    "showSVGs": true,
    "fontPref": {
      "prefix": "icon-",
      "metadata": {
        "fontFamily": "icomoon"
      },
      "metrics": {
        "emSize": 1024,
        "baseline": 6.25,
        "whitespace": 50
      },
      "embed": false
    },
    "imagePref": {
      "prefix": "icon-",
      "png": false,
      "useClassSelector": true,
      "color": 0,
      "bgColor": 16777215,
      "classSelector": ".icon",
      "name": "icomoon",
      "height": 32,
      "columns": 16,
      "margin": 16
    },
    "historySize": 50,
    "showCodes": true,
    "gridSize": 16
  }
}